{"cameraMode":{"drawMode":0,"name":"Shaded","section":"Shading Mode"},"sceneLighting":true,"audioPlay":false,"sceneViewState":{"showFog":true,"showMaterialUpdate":false,"showSkybox":true,"showFlares":true,"showImageEffects":true,"showParticleSystems":true,"showVisualEffectGraphs":true,"m_FxEnabled":true},"in2DMode":false,"pivot":{"x":1.1208115816116334,"y":-0.23898740112781526,"z":-1.1245601177215577},"rotation":{"x":0.019362356513738633,"y":-0.4669839143753052,"z":0.010226227343082428,"w":0.8839991688728333},"size":14.67013168334961,"orthographic":false}