{"cameraMode":{"drawMode":0,"name":"Shaded","section":"Shading Mode"},"sceneLighting":true,"audioPlay":false,"sceneViewState":{"showFog":true,"showMaterialUpdate":false,"showSkybox":true,"showFlares":true,"showImageEffects":true,"showParticleSystems":true,"showVisualEffectGraphs":true,"m_FxEnabled":true},"in2DMode":false,"pivot":{"x":3.147125005722046,"y":8.295232772827149,"z":-0.06446361541748047},"rotation":{"x":0.05291182920336723,"y":-0.8801116943359375,"z":0.4608815014362335,"w":0.10103163123130799},"size":14.354353904724121,"orthographic":false}