{"cameraMode":{"drawMode":0,"name":"Shaded","section":"Shading Mode"},"sceneLighting":true,"audioPlay":false,"sceneViewState":{"showFog":true,"showMaterialUpdate":false,"showSkybox":true,"showFlares":true,"showImageEffects":true,"showParticleSystems":true,"showVisualEffectGraphs":true,"m_FxEnabled":true},"in2DMode":false,"pivot":{"x":-3.7733757495880129,"y":0.9935934543609619,"z":16.771902084350587},"rotation":{"x":0.08178398013114929,"y":-0.1222732663154602,"z":0.01011311449110508,"w":0.9890789985656738},"size":2.2671680450439455,"orthographic":false}