{"cameraMode":{"drawMode":0,"name":"Shaded","section":"Shading Mode"},"sceneLighting":true,"audioPlay":false,"sceneViewState":{"showFog":true,"showMaterialUpdate":false,"showSkybox":true,"showFlares":true,"showImageEffects":true,"showParticleSystems":true,"showVisualEffectGraphs":true,"m_FxEnabled":true},"in2DMode":false,"pivot":{"x":0.2820301055908203,"y":18.98157501220703,"z":13.387245178222657},"rotation":{"x":0.18091917037963868,"y":0.07074391096830368,"z":-0.013048718683421612,"w":0.9808662533760071},"size":14.753541946411133,"orthographic":false}